{
 "zhu25b-global-burden-of-alzheimer-s-disease": {
  "peak_wconf": 0.093,
  "peak_w": 0.15,
  "top2_mean": 0.07400000000000001,
  "top3_mean": 0.07400000000000001,
  "noisy_or": 0.14288500000000004,
  "wmean": 0.07400000000000001,
  "sum_capped": 0.04933333333333334,
  "n_strong": 0.0
 },
 "amo25-regional-differences-in-the-incidence-of": {
  "peak_wconf": 0.42,
  "peak_w": 0.7,
  "top2_mean": 0.40249999999999997,
  "top3_mean": 0.32666666666666666,
  "noisy_or": 0.7277933125,
  "wmean": 0.26375,
  "sum_capped": 0.3516666666666666,
  "n_strong": 2.0
 },
 "als25-the-role-of-glial-cell-senescence": {
  "peak_wconf": 0.3255,
  "peak_w": 0.35,
  "top2_mean": 0.32025000000000003,
  "top3_mean": 0.3161666666666667,
  "noisy_or": 0.68027351,
  "wmean": 0.3161666666666667,
  "sum_capped": 0.3161666666666667,
  "n_strong": 0.0
 },
 "sor25-barriers-for-access-and-utilization-of": {
  "peak_wconf": 0.301,
  "peak_w": 0.35,
  "top2_mean": 0.287,
  "top3_mean": 0.2741666666666666,
  "noisy_or": 0.6181079904999999,
  "wmean": 0.2741666666666666,
  "sum_capped": 0.2741666666666666,
  "n_strong": 0.0
 },
 "sim26-multi-modal-graph-neural-network-with": {
  "peak_wconf": 0.44000000000000006,
  "peak_w": 0.8,
  "top2_mean": 0.36,
  "top3_mean": 0.36,
  "noisy_or": 0.5968,
  "wmean": 0.36,
  "sum_capped": 0.24,
  "n_strong": 2.0
 },
 "bec25-a-neuroimmune-cerebral-assembloid-model-to": {
  "peak_wconf": 0.4,
  "peak_w": 0.8,
  "top2_mean": 0.375,
  "top3_mean": 0.27,
  "noisy_or": 0.6535630000000001,
  "wmean": 0.21625000000000003,
  "sum_capped": 0.2883333333333334,
  "n_strong": 2.0
 },
 "xu25d-global-incidence-trends-and-projections-of": {
  "peak_wconf": 0.1925,
  "peak_w": 0.35,
  "top2_mean": 0.14125,
  "top3_mean": 0.14125,
  "noisy_or": 0.26517499999999994,
  "wmean": 0.14125,
  "sum_capped": 0.09416666666666666,
  "n_strong": 0.0
 },
 "zho25-microglia-networks-within-the-tapestry-of": {
  "peak_wconf": 0.315,
  "peak_w": 0.35,
  "top2_mean": 0.3115,
  "top3_mean": 0.30916666666666665,
  "noisy_or": 0.8356792045343875,
  "wmean": 0.30310000000000004,
  "sum_capped": 0.5051666666666667,
  "n_strong": 0.0
 },
 "ami25-prevalence-deaths-and-disability-adjusted-life": {
  "peak_wconf": 0.364,
  "peak_w": 0.7,
  "top2_mean": 0.242,
  "top3_mean": 0.242,
  "noisy_or": 0.44031999999999993,
  "wmean": 0.242,
  "sum_capped": 0.16133333333333333,
  "n_strong": 1.0
 },
 "gon25b-stereo-seq-of-the-prefrontal-cortex": {
  "peak_wconf": 0.385,
  "peak_w": 0.7,
  "top2_mean": 0.35,
  "top3_mean": 0.3383333333333333,
  "noisy_or": 0.711426625,
  "wmean": 0.3383333333333333,
  "sum_capped": 0.3383333333333333,
  "n_strong": 3.0
 },
 "aku25b-effects-of-medicare-predictors-in-health": {
  "peak_wconf": 0.504,
  "peak_w": 0.8,
  "top2_mean": 0.4445,
  "top3_mean": 0.31883333333333336,
  "noisy_or": 0.7326171880000001,
  "wmean": 0.254125,
  "sum_capped": 0.3388333333333333,
  "n_strong": 2.0
 },
 "zha25-assessing-and-projecting-the-global-impacts": {
  "peak_wconf": 0.20299999999999999,
  "peak_w": 0.35,
  "top2_mean": 0.16149999999999998,
  "top3_mean": 0.14666666666666664,
  "noisy_or": 0.38069911999999995,
  "wmean": 0.14666666666666664,
  "sum_capped": 0.14666666666666664,
  "n_strong": 0.0
 },
 "wan25c-global-burden-of-alzheimer-s-disease": {
  "peak_wconf": 0.315,
  "peak_w": 0.7,
  "top2_mean": 0.315,
  "top3_mean": 0.235,
  "noisy_or": 0.565966875,
  "wmean": 0.235,
  "sum_capped": 0.235,
  "n_strong": 2.0
 },
 "div25-the-microcirculation-the-blood-brain-barrier": {
  "peak_wconf": 0.315,
  "peak_w": 0.35,
  "top2_mean": 0.301,
  "top3_mean": 0.2823333333333333,
  "noisy_or": 0.631254225,
  "wmean": 0.2823333333333333,
  "sum_capped": 0.2823333333333333,
  "n_strong": 0.0
 },
 "jes26-efficacy-and-safety-of-donanemab-in": {
  "peak_wconf": 0.42,
  "peak_w": 0.7,
  "top2_mean": 0.413,
  "top3_mean": 0.336,
  "noisy_or": 0.7414325721999999,
  "wmean": 0.272625,
  "sum_capped": 0.3635,
  "n_strong": 2.0
 },
 "liu25h-global-burden-of-alzheimer-s-disease": {
  "peak_wconf": 0.21,
  "peak_w": 0.35,
  "top2_mean": 0.1425,
  "top3_mean": 0.1425,
  "noisy_or": 0.2692499999999999,
  "wmean": 0.1425,
  "sum_capped": 0.09499999999999999,
  "n_strong": 0.0
 },
 "ali25-multimodal-self-supervised-learning-for-early": {
  "peak_wconf": 0.21,
  "peak_w": 0.35,
  "top2_mean": 0.1515,
  "top3_mean": 0.1285,
  "noisy_or": 0.4950094669615118,
  "wmean": 0.09150000000000001,
  "sum_capped": 0.21350000000000002,
  "n_strong": 0.0
 },
 "han26-tau-pathological-activity-in-plasma-before": {
  "peak_wconf": 0.5599999999999999,
  "peak_w": 0.8,
  "top2_mean": 0.532,
  "top3_mean": 0.5133333333333333,
  "noisy_or": 0.95688712448,
  "wmean": 0.462,
  "sum_capped": 0.77,
  "n_strong": 5.0
 },
 "afi25-vision-and-convolutional-transformers-for-alzheimer": {
  "peak_wconf": 0.48999999999999994,
  "peak_w": 0.7,
  "top2_mean": 0.45499999999999996,
  "top3_mean": 0.38033333333333336,
  "noisy_or": 0.8420333196099999,
  "wmean": 0.29469999999999996,
  "sum_capped": 0.4911666666666666,
  "n_strong": 2.0
 },
 "kes25-the-alzheimer-s-disease-diagnosis-and": {
  "peak_wconf": 0.105,
  "peak_w": 0.15,
  "top2_mean": 0.099,
  "top3_mean": 0.09600000000000002,
  "noisy_or": 0.352834316108,
  "wmean": 0.08320000000000001,
  "sum_capped": 0.1386666666666667,
  "n_strong": 0.0
 },
 "20225-2025-alzheimer-s-disease-facts-and": {
  "peak_wconf": 0.46199999999999997,
  "peak_w": 0.7,
  "top2_mean": 0.37625,
  "top3_mean": 0.3465,
  "noisy_or": 0.9097398567365031,
  "wmean": 0.2846428571428571,
  "sum_capped": 0.6641666666666666,
  "n_strong": 1.0
 },
 "yu25-global-mortality-prevalence-and-disability-adjusted": {
  "peak_wconf": 0.27999999999999997,
  "peak_w": 0.7,
  "top2_mean": 0.18125,
  "top3_mean": 0.14333333333333334,
  "noisy_or": 0.3839905,
  "wmean": 0.14333333333333334,
  "sum_capped": 0.14333333333333334,
  "n_strong": 1.0
 },
 "ave25-uncovering-plaque-glia-niches-in-human": {
  "peak_wconf": 0.504,
  "peak_w": 0.7,
  "top2_mean": 0.49,
  "top3_mean": 0.47833333333333333,
  "noisy_or": 0.8972671871264,
  "wmean": 0.3456,
  "sum_capped": 0.5760000000000001,
  "n_strong": 3.0
 },
 "smi25-contribution-of-modifiable-midlife-and-late": {
  "peak_wconf": 0.385,
  "peak_w": 0.7,
  "top2_mean": 0.35,
  "top3_mean": 0.35,
  "noisy_or": 0.5787249999999999,
  "wmean": 0.35,
  "sum_capped": 0.2333333333333333,
  "n_strong": 2.0
 },
 "wee25-early-intervention-anti-a-immunotherapy-attenuates": {
  "peak_wconf": 0.385,
  "peak_w": 0.7,
  "top2_mean": 0.3675,
  "top3_mean": 0.3336666666666666,
  "noisy_or": 0.727709488,
  "wmean": 0.26825,
  "sum_capped": 0.35766666666666663,
  "n_strong": 3.0
 },
 "liu25i-single-cell-multiregion-epigenomic-rewiring-in": {
  "peak_wconf": 0.385,
  "peak_w": 0.7,
  "top2_mean": 0.35,
  "top3_mean": 0.32666666666666666,
  "noisy_or": 0.696682,
  "wmean": 0.32666666666666666,
  "sum_capped": 0.32666666666666666,
  "n_strong": 3.0
 },
 "the25-blood-phosphorylated-tau-for-the-diagnosis": {
  "peak_wconf": 0.385,
  "peak_w": 0.7,
  "top2_mean": 0.35,
  "top3_mean": 0.35,
  "noisy_or": 0.5787249999999999,
  "wmean": 0.35,
  "sum_capped": 0.2333333333333333,
  "n_strong": 1.0
 },
 "20226-2026-alzheimer-s-disease-facts-and": {
  "peak_wconf": 0.5319999999999999,
  "peak_w": 0.7,
  "top2_mean": 0.4129999999999999,
  "top3_mean": 0.36866666666666664,
  "noisy_or": 0.9023304268856978,
  "wmean": 0.2702857142857143,
  "sum_capped": 0.6306666666666666,
  "n_strong": 2.0
 },
 "aks25-an-explainable-web-based-diagnostic-system": {
  "peak_wconf": 0.175,
  "peak_w": 0.35,
  "top2_mean": 0.1325,
  "top3_mean": 0.11083333333333334,
  "noisy_or": 0.299925625,
  "wmean": 0.11083333333333334,
  "sum_capped": 0.11083333333333334,
  "n_strong": 0.0
 },
 "aki26-molecular-signatures-of-resilience-to-alzheimer": {
  "peak_wconf": 0.5599999999999999,
  "peak_w": 0.7,
  "top2_mean": 0.5425,
  "top3_mean": 0.525,
  "noisy_or": 0.9511604619999999,
  "wmean": 0.441,
  "sum_capped": 0.735,
  "n_strong": 4.0
 },