{
 "W2153344477": {
  "slug": "W2153344477",
  "metric": 0.7000000000000001,
  "peak": 0.595,
  "cwmean": 0.7000000000000001,
  "n": 2
 },
 "W2018071099": {
  "slug": "W2018071099",
  "metric": 0.4636363636363636,
  "peak": 0.36,
  "cwmean": 0.4636363636363636,
  "n": 3
 },
 "W2169490359": {
  "slug": "W2169490359",
  "metric": 0.7000000000000001,
  "peak": 0.574,
  "cwmean": 0.7000000000000001,
  "n": 2
 },
 "W2049299089": {
  "slug": "W2049299089",
  "metric": 0.6159722222222223,
  "peak": 0.5599999999999999,
  "cwmean": 0.6159722222222223,
  "n": 5
 },
 "W2000443527": {
  "slug": "W2000443527",
  "metric": 0.27999999999999997,
  "peak": 0.27999999999999997,
  "cwmean": 0.27266666666666667,
  "n": 3
 },
 "W2153828345": {
  "slug": "W2153828345",
  "metric": 0.6383802816901408,
  "peak": 0.574,
  "cwmean": 0.6383802816901408,
  "n": 4
 },
 "W2162906229": {
  "slug": "W2162906229",
  "metric": 0.5942307692307692,
  "peak": 0.476,
  "cwmean": 0.5942307692307692,
  "n": 4
 },
 "W2094613784": {
  "slug": "W2094613784",
  "metric": 0.6018181818181818,
  "peak": 0.44000000000000006,
  "cwmean": 0.6018181818181818,
  "n": 3
 },
 "W2005742064": {
  "slug": "W2005742064",
  "metric": 0.42586206896551715,
  "peak": 0.42,
  "cwmean": 0.42586206896551715,
  "n": 3
 },
 "W2093650784": {
  "slug": "W2093650784",
  "metric": 0.35,
  "peak": 0.35,
  "cwmean": 0.3464285714285714,
  "n": 2
 },
 "W2151966408": {
  "slug": "W2151966408",
  "metric": 0.504,
  "peak": 0.504,
  "cwmean": 0.37515923566878984,
  "n": 2
 },
 "W2118548839": {
  "slug": "W2118548839",
  "metric": 0.5727272727272728,
  "peak": 0.385,
  "cwmean": 0.5727272727272728,
  "n": 3
 },
 "W2018986622": {
  "slug": "W2018986622",
  "metric": 0.6155555555555555,
  "peak": 0.5249999999999999,
  "cwmean": 0.6155555555555555,
  "n": 4
 },
 "W1993703204": {
  "slug": "W1993703204",
  "metric": 0.7,
  "peak": 0.595,
  "cwmean": 0.7,
  "n": 2
 },
 "W2139700140": {
  "slug": "W2139700140",
  "metric": 0.7,
  "peak": 0.595,
  "cwmean": 0.7,
  "n": 3
 },
 "W2145632240": {
  "slug": "W2145632240",
  "metric": 0.6107142857142857,
  "peak": 0.48,
  "cwmean": 0.6107142857142857,
  "n": 4
 },
 "W2049884888": {
  "slug": "W2049884888",
  "metric": 0.7,
  "peak": 0.476,
  "cwmean": 0.7,
  "n": 2
 },
 "W2007178963": {
  "slug": "W2007178963",
  "metric": 0.5359375,
  "peak": 0.2975,
  "cwmean": 0.5359375,
  "n": 3
 },
 "W1970353438": {
  "slug": "W1970353438",
  "metric": 0.7,
  "peak": 0.574,
  "cwmean": 0.7,
  "n": 2
 },
 "W2094888653": {
  "slug": "W2094888653",
  "metric": 0.7,
  "peak": 0.504,
  "cwmean": 0.7,
  "n": 3
 },
 "W1997942372": {
  "slug": "W1997942372",
  "metric": 0.5852459016393442,
  "peak": 0.574,
  "cwmean": 0.5852459016393442,
  "n": 2
 },
 "W1530753532": {
  "slug": "W1530753532",
  "metric": 0.35,
  "peak": 0.2975,
  "cwmean": 0.35,
  "n": 1
 },
 "W2088617390": {
  "slug": "W2088617390",
  "metric": 0.5735632183908044,
  "peak": 0.5459999999999999,
  "cwmean": 0.5735632183908044,
  "n": 4
 },
 "W2078675004": {
  "slug": "W2078675004",
  "metric": 0.35,
  "peak": 0.252,
  "cwmean": 0.35,
  "n": 2
 },
 "W2038672689": {
  "slug": "W2038672689",
  "metric": 0.6273255813953488,
  "peak": 0.504,
  "cwmean": 0.6273255813953488,
  "n": 3
 },
 "W2003308281": {
  "slug": "W2003308281",
  "metric": 0.602,
  "peak": 0.602,
  "cwmean": 0.5506787330316741,
  "n": 3
 },
 "W2028902657": {
  "slug": "W2028902657",
  "metric": 0.574,
  "peak": 0.574,
  "cwmean": 0.5458823529411765,
  "n": 3
 },
 "W2024953136": {
  "slug": "W2024953136",
  "metric": 0.595,
  "peak": 0.595,
  "cwmean": 0.3975609756097562,
  "n": 3
 },
 "W2050629539": {
  "slug": "W2050629539",
  "metric": 0.315,
  "peak": 0.315,
  "cwmean": 0.3,
  "n": 2
 },
 "W2050937684": {
  "slug": "W2050937684",
  "metric": 0.48999999999999994,
  "peak": 0.48999999999999994,
  "cwmean": 0.4847826086956521,
  "n": 2
 },
 "W1980462673": {
  "slug": "W1980462673",
  "metric": 0.8,
  "peak": 0.48,
  "cwmean": 0.8,
  "n": 1
 },
 "W2135496343": {
  "slug": "W2135496343",
  "metric": 0.6444444444444443,
  "peak": 0.574,
  "cwmean": 0.6444444444444443,
  "n": 5
 },
 "W2003711757": {
  "slug": "W2003711757",
  "metric": 0.5459999999999999,
  "peak": 0.5459999999999999,
  "cwmean": 0.43913043478260866,
  "n": 2
 },
 "W1992355246": {
  "slug": "W1992355246",
  "metric": 0.6299999999999999,
  "peak": 0.48999999999999994,
  "cwmean": 0.6299999999999999,
  "n": 4
 },
 "W2098548022": {
  "slug": "W2098548022",
  "metric": 0.6999999999999998,
  "peak": 0.595,
  "cwmean": 0.6999999999999998,
  "n": 4
 }
}